{
  "within_planet": {
    "0": {
      "n": 2243,
      "k5_mean": 1.0,
      "k5_min": 1.0,
      "k5_zero": 0,
      "k10_mean": 1.0,
      "k10_min": 1.0,
      "k10_zero": 0
    },
    "1": {
      "n": 4656,
      "k5_mean": 1.0,
      "k5_min": 1.0,
      "k5_zero": 0,
      "k10_mean": 1.0,
      "k10_min": 1.0,
      "k10_zero": 0
    },
    "2": {
      "n": 4765,
      "k5_mean": 1.0,
      "k5_min": 1.0,
      "k5_zero": 0,
      "k10_mean": 1.0,
      "k10_min": 1.0,
      "k10_zero": 0
    },
    "3": {
      "n": 2370,
      "k5_mean": 1.0,
      "k5_min": 1.0,
      "k5_zero": 0,
      "k10_mean": 1.0,
      "k10_min": 1.0,
      "k10_zero": 0
    }
  },
  "global_fidelity": {
    "n": 14034,
    "k5": {
      "mean": 0.9480404731366681,
      "median": 1.0,
      "min": 0.0,
      "zero_count": 131,
      "zero_pct": 0.93
    },
    "k10": {
      "mean": 0.945838677497506,
      "median": 1.0,
      "min": 0.0,
      "zero_count": 66,
      "zero_pct": 0.47
    },
    "cl5": {
      "before": 75.24,
      "after": 76.23,
      "delta": 0.99
    },
    "cl10": {
      "before": 78.44,
      "after": 79.24,
      "delta": 0.8
    },
    "cp5": {
      "before": 0.21,
      "after": 5.09,
      "delta": 4.89
    },
    "cp10": {
      "before": 0.2,
      "after": 5.34,
      "delta": 5.14
    },
    "pres": {
      "intra_p": 16663,
      "intra_t": 17372,
      "intra_pct": 95.92,
      "cross_p": 49861,
      "cross_t": 52798,
      "cross_pct": 94.44
    }
  },
  "readability": {
    "t_op": 426,
    "t_tp": 213495,
    "opr_pct": 0.1995,
    "nn_lt_q": 746,
    "nn_lt_q_pct": 5.32,
    "g_min": 0.0234,
    "iip": 1982,
    "iip_pct": 14.12,
    "nco": 749,
    "tnc": 1497,
    "nco_pct": 50.03,
    "nn_min": 0.0085,
    "nn_mean": 0.3223,
    "nn_med": 0.2821,
    "nn_max": 50.3292,
    "pcts": {
      "P10": 0.1287,
      "P25": 0.1947,
      "P50": 0.2821,
      "P75": 0.3888,
      "P90": 0.5056
    },
    "rs": 0.8363,
    "verdict": "Acceptable"
  },
  "meta": {
    "nodes": 1501,
    "images": 14034,
    "planets": 4
  }
}